{"rho_pos": 0.0032132867003959267, "zpos": 0.04334678470562847, "pitch_angle": 89.73672537415999, "phi_dir": 272.34883767802773, "main_field": 0.689, "starting_field": 0.6893379895188546, "starting_cyc_rad": 0.0008671822211426933, "center_pitch_angle": 87.78512503048529, "center_orbit": [0.004079740336428572, 3.5540136068723057e-05], "frequency": 18200000000.0, "avg_cycl_freq": 18201735668.172783, "axial_freq": "Indexed", "zmax": 0.04334678470562847, "avg_field": 0.6889087939988314, "mod_index": 9.098418555615932, "total_power": 3.395612286247032e-16, "sideband_powers": [[-11, 1.5301328577994557e-18], [-10, 5.943817831557117e-18], [-9, 1.699233426895853e-17], [-8, 3.2686114793154167e-17], [-7, 3.5185669307332684e-17], [-6, 1.1629325706374608e-17], [-5, 2.0564392412614112e-18], [-4, 2.4863284381225162e-17], [-3, 8.704281128544928e-18], [-2, 9.245963523280048e-18], [-1, 1.8379340905941697e-17], [0, 4.402993456709026e-18], [1, 1.8379340905941697e-17], [2, 9.245963523280048e-18], [3, 8.704281128544928e-18], [4, 2.4863284381225162e-17], [5, 2.0564392412614112e-18], [6, 1.1629325706374608e-17], [7, 3.5185669307332684e-17], [8, 3.2686114793154167e-17], [9, 1.699233426895853e-17], [10, 5.943817831557117e-18], [11, 1.5301328577994557e-18]]}