{"energy_for_lookup_table": 30000.0, "center_theta_array": [87.87524557761209, 87.97524557761209, 88.07524557761208, 88.17524557761207, 88.27524557761207, 88.37524557761206, 88.47524557761206, 88.57524557761205, 88.67524557761205, 88.77524557761204, 88.87524557761203, 88.97524557761203, 89.07524557761202, 89.17524557761202, 89.27524557761201, 89.375245577612, 89.475245577612, 89.575245577612, 89.67524557761199, 89.77524557761198, 89.87524557761198], "0.001": [11202458.446718458, 11218393.858061578, 10988556.956325518, 11533530.5105691, 14415494.927188436, 18579459.144516475, 22514165.91319549, 25925756.92840081, 28845843.19861171, 31346193.631705742, 33491098.735774998, 35332143.34674267, 36910229.89167339, 38257537.50003615, 39399737.12495223, 40357535.47830825, 41147183.47529065, 41781845.28684119, 42271715.82585599, 42624219.76366192, 42844681.17560122]}