,energy,initial_rho_pos,initial_zpos,initial_pitch_angle,initial_phi_dir,center_theta,initial_field,initial_radius,center_x,center_y,rho_center,trapped_initial_pitch_angle,max_radius,avg_cycl_freq,zmax,axial_freq,mod_index,segment_power,slope,segment_length,band_power,band_num,segment_num,event_num
0,17800.0,0.0016532740770444838,0.00427101812520862,89.06742981449008,174.7179885238084,88.86787115070526,0.6883934959484115,0.0006591275708695709,0.0015925961334035431,-0.0006563286843007305,0.0017225358591239383,87.86982227312244,0.0006591651970043398,0.0,0.0,0.0,0.0,0.0,0.0,0.0,,,0,0
1,17800.0,0.004794691312844391,0.0035615895701514863,88.60420963051392,357.77645208168434,88.50256385699997,0.6883305630131158,0.0006590795413944429,0.004820262604899826,0.0006585832907896501,0.004865045069791541,87.84233254108928,0.0006590687459016633,0.0,0.0,0.0,0.0,0.0,0.0,0.0,,,0,1
2,17800.0,0.0031004423797711123,0.0032211943750904753,89.13542094538039,86.32037872732538,89.00464438777409,0.6883434825789218,0.0006591877302758855,0.0024426135599010623,4.2304934637119625e-05,0.0024429798833611365,87.83057745419397,0.0006591944147204688,0.0,0.0,0.0,0.0,0.0,0.0,0.0,,,0,2
3,17800.0,0.0046918898018427435,-0.0007624324434804611,89.25965812040597,66.74579852826255,89.25007478104536,0.6882532694200589,0.0006592941567462095,0.0040861552115267295,0.0002602967368492854,0.004094437544266787,87.77845619721225,0.0006592374257992267,0.0,0.0,0.0,0.0,0.0,0.0,0.0,,,0,3
4,17800.0,0.00535990784303571,-0.00363848024532346,89.54838539802478,87.83844088920912,89.28576881085623,0.6883229290066827,0.0006592619919391904,0.004701114951168943,2.4865631732397835e-05,0.004701180711666552,87.84512185211871,0.000659242673572052,0.0,0.0,0.0,0.0,0.0,0.0,0.0,,,0,4
