{"rho_pos": 0.00520124641945067, "zpos": 0.03203320386454863, "pitch_angle": 89.0503500065889, "phi_dir": 137.70299545185478, "main_field": 0.689, "starting_field": 0.6889390791357987, "starting_cyc_rad": 0.0008675743170236716, "center_pitch_angle": 87.82486056651996, "center_orbit": [0.004617391596099963, -0.0006417154671731121], "frequency": 18200000000.0, "avg_cycl_freq": 18196687859.106472, "axial_freq": 0, "zmax": 0.03203320386454863, "avg_field": 0.6887234558620657, "mod_index": 6.7175554283865075, "total_power": 2.6224108307399137e-16, "sideband_powers": [[0, 2.1554250626308383e-17]]}